"ALA";"ARG";"ASN";"ASP";"CYS";"GLN";"GLU";"GLY";"ILE";"LEU";"MET";"PHE";"PRO";"SER";"THR";"TRP";"TYR";"VAL";"LYS";"HIS"
"N";"N";"N";"N";"N";"N";"N";"N";"N";"N";"N";"N";"N";"N";"N";"N";"N";"N";"N";"N"
"CA";"CA";"CA";"CA";"CA";"CA";"CA";"CA";"CA";"CA";"CA";"CA";"CA";"CA";"CA";"CA";"CA";"CA";"CA";"CA"
"C";"C";"C";"C";"C";"C";"C";"C";"C";"C";"C";"C";"C";"C";"C";"C";"C";"C";"C";"C"
"O";"O";"O";"O";"O";"O";"O";"O";"O";"O";"O";"O";"O";"O";"O";"O";"O";"O";"O";"O"
"CB";"CB";"CB";"CB";"CB";"CB";"CB";"H";"CB";"CB";"CB";"CB";"CB";"CB";"CB";"CB";"CB";"CB";"CB";"CB"
"H";"CG";"CG";"CG";"SG";"CG";"CG";"HA2";"CG1";"CG";"CG";"CG";"CG";"OG";"OG1";"CG";"CG";"CG1";"CG";"CG"
"HA";"CD";"HA";"OD1";"H";"CD";"CD";"HA3";"CG2";"CD1";"SD";"CD1";"CD";"H";"CG2";"CD1";"CD1";"CG2";"CD";"H"
"HB1";"NE";"H";"OD2";"HA";"HG2";"OE1";NA;"CD1";"CD2";"CE";"CD2";"HG2";"HA";"HA";"CD2";"CD2";"HA";"CE";"HA"
"HB3";"CZ";"HB3";"H2";"HB3";"HA";"OE2";NA;"HA";"HD22";"HG2";"CE1";"HA";"HB3";"HG22";"NE1";"CE1";"HG11";"NZ";"HB3"
"HB2";"NH1";"HB2";"H3";"HB2";"HG3";"HG2";NA;"HG22";"HD23";"HE1";"CE2";"HD3";"HB2";"HG21";"CE2";"CE2";"HG21";"HA";"HB2"
NA;"NH2";"OD1";"H";"HG";"H";"HA";NA;"HG21";"HD21";"HE2";"CZ";"HD2";"HG";"H";"CE3";"CZ";"HB";"HE2";"CD2"
NA;"HG3";"ND2";"HA";NA;"HB3";"HG3";NA;"HB";"H";"HE3";"HZ";"HG3";NA;"HB";"CZ2";"OH";"HG12";"HE3";"HD1"
NA;"HA";"HD22";"HB3";NA;"HB2";"H";NA;"HG12";"HD13";"HB2";"HA";"HB3";NA;"HG23";"CZ3";"HA";"HG13";"HG2";"HE1"
NA;"HE";"HD21";"HB2";NA;"HE22";"HB3";NA;"HG13";"HD12";"HG3";"HE1";"HB2";NA;"HG1";"CH2";"HE1";"H";"HG3";"CE1"
NA;"HG2";NA;NA;NA;"OE1";"HB2";NA;"HD13";"HD11";"H";"HE2";NA;NA;NA;"HH2";"HE2";"HG23";"HZ1";"ND1"
NA;"HH22";NA;NA;NA;"NE2";NA;NA;"H";"HA";"HA";"H";NA;NA;NA;"HA";"H";"HG22";"HZ3";"NE2"
NA;"HH21";NA;NA;NA;"HE21";NA;NA;"HD12";"HG";"HB3";"HD2";NA;NA;NA;"HE1";"HD2";NA;"HZ2";"HD2"
NA;"H";NA;NA;NA;NA;NA;NA;"HG23";"HB3";NA;"HD1";NA;NA;NA;"HE3";"HD1";NA;"HD3";NA
NA;"HD3";NA;NA;NA;NA;NA;NA;"HD11";"HB2";NA;"HB3";NA;NA;NA;"HZ3";"HB3";NA;"HD2";NA
NA;"HD2";NA;NA;NA;NA;NA;NA;NA;NA;NA;"HB2";NA;NA;NA;"HZ2";"HB2";NA;"H";NA
NA;"HH12";NA;NA;NA;NA;NA;NA;NA;NA;NA;NA;NA;NA;NA;"HD1";"HH";NA;"HB3";NA
NA;"HH11";NA;NA;NA;NA;NA;NA;NA;NA;NA;NA;NA;NA;NA;"H";NA;NA;"HB2";NA
NA;"HB3";NA;NA;NA;NA;NA;NA;NA;NA;NA;NA;NA;NA;NA;"HB3";NA;NA;NA;NA
NA;"HB2";NA;NA;NA;NA;NA;NA;NA;NA;NA;NA;NA;NA;NA;"HB2";NA;NA;NA;NA
